firstName,lastName,company,title,linkedInUrl
Olivia,Chen,TechFlow Data,VP of Engineering,https://linkedin.com/in/oliviachen-sample
Marcus,Johnson,BuildRight Systems,CTO,https://linkedin.com/in/mjohnson-sample
Sophia,Martinez,Nexus Marketing,Director of Growth,https://linkedin.com/in/smartinez-sample
Liam,O'Connor,CloudScale Inc,Head of Product,https://linkedin.com/in/liamoconnor-sample
Emma,Davis,RetailInnovators,E-commerce Director,https://linkedin.com/in/emmadavis-sample
Noah,Wilson,HealthTech Solutions,Chief Medical Officer,https://linkedin.com/in/noahwilson-sample
Ava,Taylor,FinCorp,VP of Finance,https://linkedin.com/in/avataylor-sample
Elijah,Moore,EcoEnergy,Sustainability Director,https://linkedin.com/in/elijahmoore-sample
Mia,Jackson,EduTech Platforms,Head of Operations,https://linkedin.com/in/miajackson-sample
James,White,SecureNet,CISO,https://linkedin.com/in/jameswhite-sample
